customer_id,name,location_id,address,phone_number
1,Jenna Foster,183,"2762 Kevin Center
South Cynthia, NC 71276",(251)924-2189x32409
2,Melissa Leon,3,"79226 Johnson Plain Apt. 640
Brandonside, DE 17806",664.762.9835x433
3,Rachel Mclean,201,"1295 James Spur Suite 438
Port Stefaniefurt, NH 76559",001-352-785-8702x207
4,Ann Reeves,92,"05380 Scott Greens Apt. 999
West Aaronstad, OR 49360",448.420.5546x79770
5,Veronica Gentry,32,"8963 Cynthia Hill
New Jacob, NH 46658",676-780-3574
6,Samuel Shaffer,112,"7642 Amber Brooks Apt. 962
Darrenmouth, RI 68633",894.437.5265
7,Brenda Johnson,206,"68024 John Islands Suite 987
Riverabury, AL 82844",001-820-886-9223
8,Aimee Shaffer,42,"75938 Kelly Neck
Port Ethanmouth, SC 79468",001-473-500-8992
9,Timothy Smith,186,"5502 Anna Station
East Scottfurt, GA 93590",+1-837-672-4485x54325
10,Samantha Hill,65,"1899 Robinson Station Apt. 621
Port Reneeborough, IN 24878",874-853-2905x63819
11,Samantha Glass,199,"96529 Haynes Parkway Apt. 158
Jeffreyhaven, TN 25660",+1-628-328-9953x5615
12,Robert Lamb,191,"10430 Richard Station Suite 612
North Ronald, RI 90119",(534)978-2360
13,Susan Wade,217,"50300 Eric Unions
Johnchester, IL 30313",9684290950
14,Anna Weber,27,"92269 Martha Highway
Sarahbury, PW 05172",214.737.7825
15,Cynthia Smith,214,"063 Hudson Summit
Patrickburgh, NE 79860",318-649-3482
16,Mrs. Katie Henry,90,"30395 Cynthia Center Suite 581
Port Daniel, NH 65471",(531)253-1384
17,Shannon Stanley,25,"167 William Burg Apt. 500
East Jasonhaven, IA 93103",001-654-783-5235
18,Krista Cline,187,"PSC 3685, Box 5112
APO AE 11210",535.741.6897x696
19,Brenda Smith,166,"49069 Taylor Rapids
Lake Vanessa, RI 04000",001-641-419-5710x1427
20,David Hill,25,"1464 Taylor Passage
New Kelly, MN 97720",(623)715-6009
21,Jaime Beck,174,"204 Corey Dam Suite 628
Coleview, IA 54503",6974109708
22,Scott Shaw DDS,153,"754 Rivas Cliffs
West Joeland, IN 65752",001-883-841-4631
23,Maria Smith,223,"43781 Sarah Ferry
West Cameronchester, HI 26764",(912)504-5778x7965
24,Tracy Zhang,50,"5683 Adams Vista Apt. 459
West Larry, MS 59775",(343)965-0648
25,Heather Peterson,101,"5017 Robertson Highway Suite 098
West Jerry, SC 20224",001-731-499-7944x37004
26,Stephanie Farrell,24,"3385 Patricia Land
Lake Davidshire, PR 47208",5872465764
27,Julie Williams,103,"2821 Andrew Hills Apt. 577
Port Vanessa, WV 99323",+1-374-312-3515
28,Kelly Atkinson,221,"328 Ryan Path Apt. 463
Jennifertown, MH 15915",001-640-746-2603x39350
29,Justin Kidd,59,"276 Irwin Flats
Kennethbury, AL 18999",+1-621-699-0275
30,Cindy Wallace,174,"780 Robert Fields Suite 820
Lake Brian, MO 49681",234-550-5669
31,Karen Acosta,4,"64285 Calvin Spring Suite 020
Joseside, WY 54733",001-358-592-5249x489
32,Emily Rogers,154,"76560 Kelley Isle
Jessicashire, OH 43046",(201)329-2119x81569
33,Matthew Cunningham,145,"72271 Kristina Mill Suite 233
Amandachester, ID 67700",235.266.4151
34,Brandi Rosario,33,"54166 Rubio Burg
Coxside, NE 94032",+1-386-849-6008x850
35,Jonathan Booth,11,"USCGC Pope
FPO AE 26606",+1-607-574-4003x8792
36,Jessica Strickland,124,"64229 Cody Harbor Apt. 260
Paulatown, MD 59177",974-793-2453x579
37,Jill Walker,50,"Unit 8202 Box 4856
DPO AE 38238",(307)274-2944x867
38,Matthew Austin,87,"521 Larry Curve
Roberthaven, PR 32545",818.837.8301x590
39,Kathleen May,137,"74864 Rojas Drive
Ginahaven, WI 21429",001-476-323-1253x780
40,Shirley Howard,177,"726 Phillips Mountains Suite 962
North Vincentchester, AL 80316",377.248.0219
41,Sandra Bailey,78,"824 Stephanie Burg Suite 963
Sheppardhaven, KS 91224",+1-938-851-7809x07939
42,Diana Johnson,111,"64367 Roberto Skyway
Morrischester, GA 63903",(489)455-7758x928
43,Robert Allen,125,"PSC 6879, Box 5326
APO AP 81688",553.713.4803x24468
44,Diane Williams,50,"8780 Mccullough Rapids
Sarahtown, MO 64117",565-413-8412x78620
45,John Murray,16,"6599 John Cove
South Rodneystad, MN 77558",6252075095
46,Jose Green,17,"PSC 5813, Box 5209
APO AP 99399",001-600-244-1576x83546
47,Philip Hudson,131,"057 Sydney Place
Hollandview, GA 45433",331.495.7383x2027
48,James Parker,5,"578 Kyle Plaza
East Angelamouth, ME 81260",8117448667
49,Devin Mason,156,"33154 Foley Ranch
Tinaport, IL 17143",001-242-788-4571x3269
50,Amber Lewis,207,"7012 Wagner Light
Mcdonaldview, NV 11141",737.595.4371x55774
51,Jennifer Harris,185,"12512 Paul Underpass
East Robert, PA 28825",+1-376-646-3157x4532
52,Brenda Wall,53,"46613 Kimberly Mission
West Micheleburgh, VA 27963",+1-397-800-9176x36947
53,Travis Rodriguez,154,"6628 Payne Meadows
Jamesburgh, AR 47584",557-300-3827x2716
54,Jason Cain,154,"USNV Clarke
FPO AP 41479",(790)437-9474x603
55,Emily Clayton,111,"63749 Novak Falls Suite 024
Alvarezburgh, PR 89793",(213)713-1475x89073
56,Michael Hill,217,"USNS Roth
FPO AA 73099",001-466-593-4917x613
57,Roger Blake,77,"0674 Diana Ramp
Lamberthaven, CA 73717",001-298-789-3184x680
58,Joseph Gill,100,"157 Gardner Lock Apt. 008
West Danielle, RI 54035",344.438.4916
59,Scott Espinoza,108,"7598 Bradley Track
Lake Mariastad, GA 41491",(872)313-3146x51449
60,Ricky Hill,127,"44744 Bradley Mountains Suite 155
Port Curtisville, AS 90092",(557)625-6784
61,Janet Miller,125,"797 Autumn View Suite 000
North Shawnfort, ID 35200",(701)985-1573
62,Tyler Torres MD,218,"03685 Mendoza Crest Apt. 767
Jenniferbury, IA 90093",001-264-853-0855x4530
63,Wanda Rowland,148,"084 Larson Way
North Robertland, OK 27274",4384103232
64,Darius Delgado,225,"206 Justin Lodge Suite 827
Lake Sherryton, TX 28620",530-450-1812x1402
65,Kelly Jimenez,29,"69622 Daniel Expressway Suite 060
Lake Dawntown, ME 16859",4626205042
66,Benjamin Bernard,8,"867 Medina Pines
Kingmouth, LA 04404",+1-615-858-0217x06722
67,Terry Lopez,179,"6835 Jimenez Field
West Katherine, TN 03251",437.681.7539x48297
68,Patrick Willis,173,"97258 Glover Burg Suite 867
New Connie, DC 53338",(405)567-9092x32671
69,Barbara Simpson,72,"682 Robert Cliff Suite 874
Christopherside, TN 67030",834.692.4265x223
70,Michael Morgan,70,"2695 Poole Stream
North Alyssamouth, PW 20919",2108097743
71,Sandra Richardson,64,"5967 Reese Plain Suite 138
Househaven, ME 14557",8006268340
72,Kelli Martinez,53,"73311 Mary Trace Suite 649
Port Richardhaven, GU 75097",(311)266-0372
73,Brenda Washington,163,"535 Glover Oval
New Desiree, NC 76240",572-468-0020
74,Jason Cowan,145,"41549 Richard Junction
Bradleychester, FM 57955",264-535-1956
75,Parker Hammond,174,"13868 Ramirez Squares Apt. 445
Kevinfort, IA 78300",834.808.5200x987
76,Eric Cox,97,"72284 Robin Inlet Suite 022
West Phillip, NH 75071",(933)271-6984x3630
77,Lisa Long,17,"69867 Rhonda Roads
Richardtown, ID 24882",(674)978-5832
78,Mary Underwood,98,"7049 George Neck
West Laurie, WV 84488",001-653-849-6178
79,Amanda Gates,139,"471 Carolyn Locks Apt. 755
Kathleenview, AK 25726",(880)606-7182x13325
80,Melinda Bennett,138,"9385 Payne Brook
Travistown, NC 77334",001-523-203-4476x9400
81,Allison Fernandez,10,"80599 Cain Path
Tonyland, IN 78106",+1-449-222-7018
82,William Black,20,"75524 Tiffany Stravenue Suite 127
Lake Samantha, VT 15193",872-753-8914x59185
83,Laura Stewart,92,"7859 Schneider Glen Apt. 807
New Jamesshire, MI 11261",(861)300-2509x603
84,Michelle Black,43,"1880 Wolfe Trafficway Suite 522
North Joshua, OR 85584",904.860.1268x8332
85,Nicholas Sanchez,129,"PSC 5612, Box 6982
APO AP 96002",4364935884
86,Shannon Mccarthy,138,"USNS Neal
FPO AE 50211",604.891.5765
87,Jeremy Wilkerson,224,"40530 Sanford Inlet
Mackside, AS 48103",348.732.6783
88,Danielle Alexander,120,"752 Lori Drive Suite 534
Lindseyfort, ND 78127",(676)442-1370
89,Vincent Schwartz,161,"9936 Gary Rue
South Carolineside, AS 48307",508.505.2272x0640
90,Max Landry,100,"61585 Silva Islands Suite 703
Gatesland, NV 23068",001-307-404-5631x38025
91,Kevin Woods,3,"955 Dave Ports Suite 173
Port Nicole, PA 08449",288-403-4283x045
92,Kimberly Weiss,21,"Unit 5118 Box 5696
DPO AP 26136",+1-627-242-8247x97624
93,Vanessa Anderson MD,6,"60246 Sandra Island
South Sandrahaven, OH 72871",(871)346-4830x30811
94,Michael Smith,54,"1570 Charlotte Plains
South Evelyn, MO 06644",712-794-8419
95,Richard Haney,42,"12513 Jordan Wells Suite 602
Port Kimberlytown, NE 30149",(291)489-4997x011
96,Ryan Smith,24,"4851 Charles Hills Suite 320
Christopherborough, CA 33953",(929)798-1273x99183
97,Tracey Stephenson MD,179,"3098 Kristina Ridges
New Heatherside, VI 41442",001-713-823-0712x31857
98,Samantha Ruiz,121,"14730 Sarah Rapids
Petersonburgh, OK 10949",577-241-5620
99,Jordan Wilson,54,"65016 Lauren Tunnel Apt. 378
Holmesbury, FL 01028",897.784.6323x149
100,Sharon Williams,57,"4208 Mcgee Prairie Apt. 705
Wardport, TX 67379",722-701-1281x0027
101,Richard Smith,56,"09701 Mitchell Track
South Michele, TN 63618",001-724-393-4901x43751
102,Tony Wells,162,"77982 Banks Rest Suite 679
Jasonmouth, NH 46018",001-938-365-8103x272
103,Pamela Freeman,21,"15031 William Prairie
Nicoleside, DE 77478",944-646-5864
104,David Mitchell,128,"96764 Kelly Mews
Codyhaven, AL 16679",215-391-5626x8756
105,Tim Mejia,41,"77643 Debra Rest
East Vickie, MA 69447",698.960.0571x399
106,Elizabeth Cochran,21,"2348 Brandon Rapid
Port Kurt, IL 98089",001-786-534-0004x93283
107,Cynthia Donovan,169,"5665 Meredith Fields
East Christopher, SD 45536",421.442.6353x412
108,Harold Leonard,224,"53390 Christopher Point
Thomasview, RI 11055",(904)999-6067
109,Claudia Walker,63,"726 Paula Overpass Apt. 127
East Dana, PA 96578",+1-444-937-0602x21898
110,Richard Mullen,122,"0357 Amanda Mills Apt. 184
New Miranda, GA 48205",001-752-310-8023
111,Michelle Pearson,7,"642 Carlos Spring
South Deanna, AS 83495",627-986-6357x8966
112,Miranda Barnes,104,"37060 Stacy Center Suite 277
West Catherine, HI 86921",6627589315
113,Madison Guzman,145,"99851 Flynn Trail Suite 003
Torresstad, VI 51182",524-212-7299x532
114,Nathan Palmer,170,"44859 Marsh Burg Apt. 829
Bradside, PW 37042",229.400.7794x0201
115,Richard Dunn,15,"7414 Brown Station
Lake Pamelaview, MS 36660",(709)710-2658x199
116,Mrs. Olivia Mcintyre,174,"55731 Kathryn Land Apt. 844
Lake Jamesview, KS 93919",443-761-7732x082
117,Kelsey Cisneros,68,"223 Dylan Ports
Smithside, MT 95763",656-979-5139x876
118,Jennifer Moore,217,"194 Jennifer Canyon Suite 333
South Michelleside, NJ 71315",001-732-664-2926x0799
119,Shannon Bryant,128,"8575 Robert Key
Port Luischester, WA 48031",+1-662-890-3484x82751
120,Brandi Robinson,164,"970 Jim Glens
Port John, OH 38273",245-349-3501
121,Jeremy Carter,225,"58175 Michaela Plaza Suite 898
Angelaville, KS 95197",369.445.6654x7416
122,Bryan Yang,165,"PSC 9993, Box 9696
APO AP 90183",(533)536-0457x002
123,April Alexander,152,"08075 Gregory Camp Suite 500
New Lisa, VA 20744",7508996749
124,Alejandro Bruce,21,"144 Andre Plaza Apt. 329
Stephaniefort, NM 70034",(307)879-1015x87854
125,Jeffrey Reyes,150,"12504 Foster Stream Suite 897
South Maryborough, AS 79296",(239)688-4427
126,Alyssa Zuniga,168,"USS Martinez
FPO AE 33375",7056636397
127,Zoe Jennings,88,"739 Anderson Summit
Welchfurt, PW 81500",604-348-7231
128,Diane Berg,31,"593 Ramirez Spring
East Kevinburgh, OR 20287",(452)679-9355
129,Tonya Hall,17,"0953 Kenneth Vista
Josephmouth, CA 63704",001-699-351-8947x880
130,Mary Owens,41,"95192 Bradley Overpass Apt. 499
North Sherryshire, IL 20583",001-925-698-7009
131,Susan Gomez,120,"028 Derek Road
Jimenezfurt, NH 74170",+1-445-653-5457x989
132,Jordan Kelley,50,"5450 Jennifer Brooks Apt. 554
West Angelatown, TX 27217",9803205826
133,Tommy Woods,188,"899 Harris Well Suite 471
New Ricardomouth, MP 42525",+1-202-984-7152x68809
134,Dr. Thomas Rodriguez,37,"PSC 2603, Box 4228
APO AA 67435",842-378-0641x3968
135,Erica Vazquez MD,51,"PSC 9982, Box 5942
APO AE 53021",472.693.1994x4458
136,Natasha Alexander,31,"0968 Michelle Lights Suite 837
West Debra, ID 44060",(422)213-4960
137,Elizabeth Koch,50,"49718 Moore Streets Apt. 108
East Katherineburgh, VT 95854",001-800-361-4523x855
138,Richard Nelson,200,"8435 Belinda Springs Apt. 539
Mitchellside, WI 14005",(532)889-8791x82791
139,Monica Rogers,156,"1547 Murillo Rue Apt. 173
Reynoldsville, NJ 01291",670-276-7028x826
140,Mr. Michael Gibson,37,"07218 Hill View
Edwardberg, MA 85088",001-880-393-7408x52000
141,Roberto Sims,173,"7155 Gomez Ports Apt. 829
Ericfort, AR 35080",713-335-2348x89152
142,Justin Mosley,52,"2247 Hayes Divide
Huffstad, NC 66946",771.326.6216x353
143,Todd Sullivan,186,"287 Pearson Land
North Luisshire, LA 33746",(236)590-5521x89453
144,Edward Daniel,40,"5694 Herrera Mills Suite 532
Hensleyfort, WA 60715",+1-317-789-5579
145,Ashley Valencia,66,"64704 Megan Shoals
Davidview, UT 50638",(426)249-8004x975
146,Brandon Parker,146,"43251 Ruth Via
Deniseside, OK 38550",495-349-5150x28220
147,Wanda Davis,99,"8127 Shannon Hills Apt. 725
Davisborough, MP 30323",311.523.5046x6545
148,Nicole Wilson,145,"2217 Johnson Bypass Apt. 356
East Markmouth, GA 04621",981.631.9791
149,James Barrett,165,"1112 Victor Neck
South Richardfurt, MD 52847",+1-384-747-3321x21672
150,Scott Velazquez,206,"8991 Conrad Street
New Josemouth, WI 60759",373.947.6780x705
151,Aaron Contreras,75,"7978 Kennedy Springs Suite 757
East James, ID 10021",(576)836-7257
152,Charles Martinez,56,"6751 Gross Stravenue Suite 470
Rickymouth, CA 19113",001-797-985-1413x63214
153,Patricia Conner,98,"617 Mcguire Manor
Stevenville, MA 19501",001-919-911-5075x410
154,Anthony Johnson,136,"USNV Thompson
FPO AA 96032",(634)562-7542x92629
155,Martha Smith,93,"4925 Jennifer Meadow
Lonnieport, NH 72614",(658)347-5882
156,Erika Rice,86,"48332 Benjamin Harbor Apt. 989
Port Edward, MO 05849",319-283-3716x00823
157,Ronald Rangel,222,"94589 Moore Creek Suite 604
New Eric, MS 15405",(772)969-2246
158,Barbara Mason,16,"052 Winters Squares
Walterburgh, MO 65062",+1-545-440-5396x868
159,Jillian Davis,153,"106 Krause Meadows Suite 614
South Sherryhaven, MT 19796",520.401.6847
160,Aaron Miller,90,"0042 Davenport Course
Parsonsberg, WY 67709",891.461.4162
161,Tyrone Boyer,192,"521 Cunningham Trafficway
Robinsonburgh, PW 67229",(462)479-5990x26461
162,Phyllis Nelson,208,"063 Richards Parkway Suite 049
New Joelstad, NH 95029",001-385-730-8687
163,Chad Wood MD,6,"381 Curtis Lake
Jessicamouth, TX 14589",981-657-3159
164,Mitchell Crosby,194,"899 Dominique Oval Suite 929
Beckyfurt, DC 51921",653-742-9479x24006
165,Sonya Martinez,205,"5502 Jacob Falls Apt. 036
Schultzbury, MS 73558",753-494-5999x46557
166,Cheryl Collins,3,"7178 Levine Lane Suite 247
New Mia, AL 40268",470-909-8185x620
167,Amanda Young,177,"98461 Diaz Mountain Apt. 016
Youngmouth, CT 56379",8755648206
168,Diane Flynn,98,"245 Christopher Court
Rubenmouth, VA 24848",001-659-571-5313x850
169,Alexander Strickland,183,"91665 Melissa Coves Suite 406
East Joy, MA 21420",001-504-929-7763x9213
170,Molly Becker,160,"7292 Zachary Mall
East Scott, TN 79681",001-636-414-2963x937
171,Tracy Taylor,78,"895 Taylor Center
Powellland, LA 47673",830-695-5231x322
172,Victoria Beck,44,"02170 Dennis Walk Apt. 859
Port Darrylstad, ND 50968",8195625887
173,Joshua Fuller,132,"634 Walker Square Apt. 837
West Jonathan, NV 04501",635.693.0568x0815
174,Thomas Clayton,7,"332 James Road
Tiffanyburgh, UT 85922",775-378-8931x86403
175,Clayton Williams,127,"Unit 9202 Box 9865
DPO AP 98422",+1-468-754-4859x041
176,Wesley Huerta,113,"0605 Robert Shoals Suite 213
Andersonmouth, VA 99603",(945)894-7167
177,Kayla Ford DVM,10,"68916 Brian Islands
Rogersburgh, FM 73627",660-395-3988
178,Elizabeth Martin,219,"815 Lee Pike Apt. 778
Brianshire, NC 65365",681.410.6509x181
179,Katherine Lopez,11,"PSC 5815, Box 3737
APO AE 67147",473.467.7636x8786
180,April Mcgee,77,"28561 Joseph Via
Nobleview, FM 82841",001-652-984-9134x6443
181,Bryan Burns,224,"PSC 2355, Box 0435
APO AA 29803",461.432.7844x680
182,Anthony Paul,137,"788 Alicia Haven Apt. 068
Diazburgh, LA 96604",654-455-2057x6504
183,Robert Bell,193,"PSC 2718, Box 6776
APO AA 07059",+1-721-530-5987x3258
184,Leonard Woods,97,"092 Franco Burgs
Heatherborough, MH 18436",(695)755-3045
185,Kelly Dorsey,185,"40928 Julie Spur
Reesebury, AK 77451",001-921-205-1025x2837
186,Susan Williams,75,"343 Leach Pass
Walkerstad, ND 00980",001-920-598-3446x5964
187,Matthew Williams,202,"880 Jose Trafficway
New Elizabeth, TX 50727",(312)271-4739x56022
188,Wyatt Cunningham,221,"440 David Creek Apt. 993
Newmanshire, AZ 73764",001-725-612-9279x9815
189,Daryl Larson,163,"43213 Mcbride Throughway Suite 516
Jenkinsmouth, NC 83551",225-626-7211x9818
190,Brian Jenkins,208,"69461 Stephanie Brooks Apt. 617
Lake William, GA 94894",(744)329-3400
191,Robert Guzman,16,"PSC 8659, Box 8410
APO AP 59089",7588197680
192,Katie Clark,183,"27915 Lisa Via Suite 560
North Destiny, CO 96120",200-920-5691
193,Zachary Carpenter,155,"971 Rodriguez Roads Suite 538
Calvinville, MS 01414",438-530-7029
194,Cindy Moyer,100,"64437 Beth Inlet Suite 473
New Gregoryberg, ND 97917",(321)854-5600
195,Christina Kelley DDS,44,"7884 Lauren Garden
West Christopher, MI 69240",001-755-335-9976x10289
196,Robert Scott,30,"127 Anderson Light Suite 941
Martinezland, AK 46003",(345)926-3067
197,Vincent Shaw,95,"5717 Philip Cape
Lindaborough, WY 86710",+1-720-453-4366x2746
198,David Harrison,165,"4616 Judith Manor Suite 778
South Jack, OK 47150",(761)806-5289
199,Peter Haynes,116,"39362 Brendan Mission
Alexandermouth, VA 00615",697-514-0935x81044
200,Mark Goodwin,144,"45652 Kerr Port
South Nataliefurt, FM 87634",5292117788
201,Perry Riley,195,"4653 Key Crest Apt. 996
Phillipstad, AS 84619",959-274-8671x679
202,David Johnson,85,"00291 Stone Centers
Andrewsside, NY 91475",001-970-365-8716
203,Nicholas Trevino,71,"3407 Wright Manor
Parkerchester, DE 46202",350.943.5005
204,Rose Miller,109,"0685 John Lakes Suite 260
Robertbury, DC 27243",(372)856-5522
205,Maurice Clark,137,"55287 Hill Plain
Lake Jessicamouth, ID 80089",(760)370-2906x84671
206,Wesley Klein,177,"053 Larson Shores
East John, KS 62013",603-731-8924
207,Eric Lloyd,17,"3329 Logan Stream Suite 447
South Lisastad, PA 47334",717-277-2684x77927
208,Tracy Martinez,83,"2470 Shields Parks Apt. 250
Kennethview, TX 27899",001-888-617-3172
209,James Long,165,"74087 Brandt Tunnel
Richardburgh, CT 43256",(929)427-3545
210,Gary Hart,89,"4908 Jones Plaza
Kimberlyhaven, AS 20535",+1-546-782-9979
211,Brittney Taylor,20,"USNS Wright
FPO AP 53274",875-256-7678x380
212,Mr. James Nguyen DDS,221,"93741 William Dam
Robertville, FM 41754",001-447-450-8408
213,Michael Matthews,22,"728 Gilbert Mountains Apt. 046
Diazshire, AR 41115",997.539.0575
214,Michelle Cox,72,"791 Clark Circle Suite 549
North Nancytown, VA 35329",588-923-2330
215,Whitney Sullivan,108,"884 Gonzales Port Apt. 666
Margaretport, WI 87875",431-306-7926
216,Mr. Benjamin Brown MD,94,"PSC 3299, Box 4035
APO AP 84860",869.295.2693
217,Debra Bennett,48,"059 Green Springs Apt. 266
Kristinville, MP 29502",+1-478-502-3227x3729
218,Tara Miller,194,"029 Brady Fields Apt. 775
East Anna, KS 56843",229-615-8283x260
219,Jeffery Haney,159,"71846 Hancock Turnpike
East Ryan, OR 14700",(850)593-7494x5151
220,Kelly Miller PhD,163,"1986 Jordan Plaza Apt. 894
South Jenniferhaven, ND 56980",+1-864-805-2800x3136
221,Jeffrey May,89,"535 Morales Gardens Suite 716
Mcdonaldberg, KS 59830",001-680-532-6991x059
222,Robert Thompson,152,"5893 Payne Route Suite 359
Parkerton, SC 14584",001-328-651-2996x872
223,Mary Diaz,94,"66007 Davis Overpass
New Lisaton, MI 78988",212.512.0399
224,Dakota Hughes,39,"2710 Jacob Lodge
Lake Rebeccaton, VI 25371",+1-486-732-2006x824
225,Travis Clark,144,"801 Annette Mountain
North John, GA 27172",800-400-0272
226,Kim Harrison,114,"85144 Duncan Crossing Suite 045
Dennisbury, SC 47566",001-623-502-4031x5743
227,Randall Hodge,37,"85119 Carol Isle Suite 019
Hamptonchester, SD 31026",567.454.1079
228,Richard Todd,4,"43155 Jessica Well Suite 294
Rebeccafurt, TN 52568",262.266.4490
229,Logan Ellis,51,"29438 Sanders Squares Suite 427
Morrisonborough, AR 34241",277-721-2785
230,James Parsons Jr.,170,"900 Gabriella Turnpike Apt. 962
Kelleybury, PW 21622",7605416579
231,Sarah Wyatt,151,"097 Carter Junction Suite 625
Port Allisonport, AK 53340",(427)879-3885x737
232,Melissa Khan,129,"1564 Johnson Island
South Jeremy, TX 01625",(766)571-8176x082
233,Rachel Smith,192,"70210 Lawrence Passage
New Rogerland, LA 89220",661.674.7606
234,Stephen Newman,60,"3483 Garcia Camp
New Gregory, GA 91668",+1-666-740-4287
235,Mr. Jason Wallace,130,"0811 Jeanette Avenue Suite 115
Elizabethton, OK 18159",001-728-211-0987x45313
236,Michael Ball,87,"Unit 7771 Box 0128
DPO AA 41479",+1-458-557-3783
237,Mark Woods,191,"3313 Stephens Island Suite 007
Flowersfort, MA 90002",749.976.5694x04155
238,Julie Buchanan DDS,183,"345 Tracy Divide Apt. 305
West Derekfort, NM 93092",+1-841-767-3170x77001
239,Edward Baldwin,122,"825 Tamara Green Apt. 018
East Sydney, GU 29824",903.960.6996
240,Thomas Singh,21,"3249 Dodson Isle Apt. 043
Susanbury, MH 67716",(651)299-8850x954
241,Christopher Reyes,135,"6381 Randolph Harbor
Tarahaven, MN 46219",966.694.8055x6467
242,Caitlin Rogers MD,176,"988 John Lock Suite 791
Colemanmouth, DC 25944",4095924177
243,Brittany Schmidt,83,"839 Deleon Lodge Suite 349
Boydview, FL 37577",981-359-4748x30157
244,Dawn Marquez,184,"3334 Holder Turnpike
Odomchester, CT 87876",798-673-7853x1006
245,Sara Wiggins,18,"7422 Oconnell Trafficway Suite 265
New William, KY 42126",596.693.0018
246,Joseph Jones,48,"146 Michael Village
New Elizabeth, NC 94902",536.528.6366
247,Kathleen Spencer,142,"1239 Christopher Meadow
Thomasmouth, WY 85424",(356)523-7186x933
248,Gabriela Scott,207,"58218 Katie Street Apt. 821
Welchport, OR 80681",+1-843-215-2816x85439
249,Adam James,122,"3839 Santana Rue
Lake Gloria, AS 91922",(376)834-3419x733
250,Alan Greer,188,"128 Andrade Mall
Benjaminmouth, VT 84977",(989)707-9979
251,Kelly Davidson,206,"1888 Stephen Ports
Josephton, AK 79637",001-542-435-2168x324
252,Phillip Phelps,174,"5236 Anthony Square Suite 467
North Tanner, MD 39236",926.452.6207x9094
253,Stacy Davis,122,"6050 Kennedy Knolls Apt. 616
Timothyburgh, CA 91780",768-291-4823x29936
254,Brenda Schneider,79,"5674 Mendoza Groves Apt. 348
New Tiffanyborough, RI 83956",(790)399-7863
255,Victoria Harrison,135,"295 Potts Loop
Diazburgh, GA 91070",001-226-838-6869
256,Brendan Phillips,44,"0555 Rose Valley Suite 885
Harrisfurt, VT 11071",(235)207-5358x2538
257,Carlos Harvey,23,"113 Hall Shoals
Amberburgh, MS 12292",(333)508-3514x554
258,Anthony Warren,5,"04885 Vickie Mall Suite 574
Katherineshire, IL 41094",001-991-525-0584
259,Kimberly Miranda,158,"257 Jackson Road
Tammiemouth, GU 42797",(675)596-6319
260,Jeffrey Moran,19,"312 Goodman Rapids
Tracyburgh, VI 88865",001-530-423-2193
261,Devon Knight,66,"66287 Danielle Forest
Pattontown, AL 18733",(965)906-0142
262,Steven Gonzales,89,"052 Ebony Fall
East Jerrymouth, AK 04371",+1-204-205-6190x3938
263,Elizabeth Weiss,13,"USCGC Mejia
FPO AE 37728",(556)229-2682x2097
264,Albert Perry,192,"091 Patterson Harbors
West Heatherborough, MP 63759",484.986.2743x3722
265,Kelly Henson,193,"Unit 9551 Box 0508
DPO AP 87265",247-236-6806x73865
266,Amy Ramirez,141,"102 Sanchez Point Apt. 881
Davidfurt, KS 47307",+1-975-460-4154x6494
267,Courtney Reed,180,"5439 David Run
Bryantborough, MA 54168",904-504-8209x996
268,Emily Mcdonald,96,"09372 Fowler Turnpike
Sierraview, WV 16678",(209)601-6039
269,James Ortiz,30,"PSC 0486, Box 3831
APO AA 92863",785.419.8305
270,Richard Davis,98,"21239 Jerry Point Apt. 765
Sanchezfurt, PR 80800",001-625-624-2012
271,Vincent Cooper,85,"17110 Diane Vista Suite 076
East Samantha, MS 20172",930-518-4276x2697
272,Bryan Hoover,89,"7973 Mack View
Jessicafurt, NJ 08767",001-986-492-0083x57379
273,Alexis Huff,191,"306 Swanson Island Suite 204
Yorkport, WI 73855",7548192419
274,Melissa Evans,95,"10988 Campbell Canyon Suite 480
Lake Mauriceland, MI 38402",+1-347-770-7035
275,Jennifer Grant,13,"014 Craig Greens Suite 133
North Sylviaborough, IA 76504",+1-818-937-8095x57199
276,Cody Rios,165,"350 Price Camp Suite 686
Lake Derrick, TN 86239",(534)515-4433x481
277,Olivia Page,192,"6076 Payne Mews Suite 524
Mitchellbury, AS 13541",755-783-1379x17273
278,Randall Skinner,118,"200 Jackson Tunnel
Riceburgh, MT 18568",(497)673-3210x005
279,Allison Jones,130,"3445 Downs Forges
Perezfort, WV 27115",001-419-240-3465x2591
280,Ashley Dennis,216,"5718 Mora Canyon Apt. 604
Brownfort, GU 15570",001-607-918-6681x81218
281,Aaron Hall,161,"8767 Jonathan Springs Apt. 800
Beverlyview, VA 60314",(828)830-9384
282,Alejandro Morris,23,"PSC 1669, Box 5930
APO AA 23671",+1-909-799-7751x254
283,Stephanie Sanchez,156,"311 Evans Meadows Apt. 779
Mitchellfurt, ND 66331",001-640-427-5570x6348
284,Richard Stafford,225,"USCGC Stevens
FPO AP 67510",(330)991-6970x697
285,Joe Barrett,141,"747 Gray Pines Suite 847
Masonchester, NY 57632",+1-603-237-6387x622
286,Daniel Cannon,32,"0254 Linda Motorway
Tinaberg, AZ 68634",747.867.4023x755
287,Brittney Baxter,51,"42342 Lowe Place Apt. 103
New Laura, NJ 21673",(833)314-9201x678
288,Adrienne Smith,88,"7127 Cathy Vista
East Kimberly, GU 21906",747.464.3126
289,Ryan Cox,45,"96870 William Row
Port Karenchester, MN 14412",339.665.9337
290,Wanda Barnes,16,"3709 Joseph Club Apt. 103
New Lindsay, MI 61785",+1-872-978-9976x3166
291,Andrea Bautista,160,"45314 Wayne Lock Apt. 665
Smithport, WI 54920",(849)424-2395x7809
292,Nicholas Jackson,156,"7825 Raymond Heights Apt. 377
Franklinberg, OR 32716",+1-427-583-7170x19100
293,Alexis Wilson,24,"22100 Garcia Wells
Stephanieport, PA 94294",824-896-6986
294,Karen Hayden,45,"0815 Contreras Cliff
Lake Christopher, NM 83829",209.738.3053x50034
295,Vanessa Taylor,90,"516 Jacqueline Port
Johnchester, NJ 77466",001-340-404-7581x1384
296,Joseph Smith,210,"919 Oliver Coves Suite 426
West Kelsey, ME 09841",(599)529-6511x276
297,Cynthia Knight,174,"275 Justin River Suite 606
Loganside, KS 03324",666.580.0931x325
298,Adam Walker,67,"863 Hall Drive Suite 385
North Carolyn, IN 62544",300-652-6503x779
299,John Jackson,3,"817 Timothy Light Apt. 290
West Melissaport, VA 65298",001-217-529-8048x13794
300,David Kerr DDS,171,"Unit 6783 Box 8066
DPO AA 45661",(458)911-6278
301,James Nguyen,222,"28373 Herring Port
Lake Chadview, ME 34943",001-754-720-8329
302,Anthony Lang,127,"131 Carey Rue
South Brooke, CT 25728",+1-977-947-1304x01743
303,Mercedes Ross,113,"861 Soto Hill Apt. 474
North Sydney, KY 46172",523-747-7059
304,Jean Castillo,39,"0982 Michael Forks
Collinsbury, MP 79773",845-513-9542
305,Joseph Mendez,203,"USNS Reyes
FPO AA 20875",+1-858-268-9149x4237
306,Lori Padilla,159,"647 Jillian Road
Lake Clinton, AR 68275",(976)307-9195x50933
307,Amanda Woods,10,"363 Solis Mews
West Robert, ME 65913",001-532-694-5415x56793
308,Danielle Campbell,41,"1468 Hannah Alley Apt. 513
New Heidihaven, ND 03897",620.891.4768x9383
309,Zachary Hinton,181,"85661 Kirk Burg
South Christopherville, IL 94933",787-262-1192
310,Penny Anderson,169,"936 Thomas Haven Suite 861
Mcdonaldport, NY 25677",001-599-984-9522
311,Mary French,225,"73994 Joshua Skyway Apt. 866
New Jessica, AS 93588",(677)964-7099x42677
312,Douglas Ward,170,"83480 Marshall Crescent
South Alexisfurt, MA 71802",(758)408-7343
313,Bianca Barnett,129,"9533 Morgan Green Suite 186
North Bradview, NJ 78337",868.561.7770
314,Patricia Calhoun,139,"40097 Morrison Street Apt. 113
Scottfurt, FL 25965",+1-751-204-1618x4865
315,Kaitlyn Owens,73,"5534 Shannon Street
South Leslie, OK 79553",973.478.6755x7478
316,Jacob Rowland,171,"2214 Dale Crossing Apt. 498
North Kimberlyview, TX 91876",484-772-3840x3338
317,Michael Gonzalez,67,"1341 Mary Roads
Danashire, UT 78399",671.289.1872x6872
318,Dawn Parsons,90,"54898 French Extensions Apt. 033
Stevenstad, DC 12933",+1-202-394-3345x93532
319,William Guzman,157,"759 Megan Lake
Port Brandonmouth, PA 21848",001-817-928-1601
320,Louis Roy,213,"7916 Stephen Plains Apt. 697
Millerland, OH 69501",001-376-492-5686x5455
321,Deborah Schmidt,31,"0020 Nguyen Heights Apt. 463
North Angela, NJ 96991",287-630-6889x68340
322,Eric Rodriguez,35,"81245 Amanda Throughway Suite 212
East Jessica, VA 85631",001-927-516-1333x36267
323,Tyler Ellis,125,"04102 Tyler Islands
New Brian, MH 58008",500.857.3552x1061
324,Wendy Olsen,29,"68372 Susan Brooks
West Andreamouth, SC 10266",837-287-1753
325,Gabriel Vasquez,175,"1338 Santos Ports Apt. 583
Stephensonmouth, ND 83128",+1-633-622-9215x3992
326,Hannah Riley,80,"USNS Lewis
FPO AE 02513",724-618-7891x7300
327,Tracy Richard,1,"992 Wood Estate Apt. 559
Haileyfort, MP 61115",9906174556
328,Hannah Peterson,137,"9836 Stephens Locks
North Deanna, RI 50055",232-749-2812
329,Henry White,213,"141 Brown Orchard Apt. 569
New Melissaville, VI 88268",(419)337-4004
330,David Parker,168,"PSC 9955, Box 6478
APO AA 80416",4549115862
331,Michael Flowers,212,"6839 Ray Roads Apt. 652
Gregoryberg, KY 50462",634-466-2918
332,Joshua Jackson,68,"8992 Thomas Crescent Apt. 234
Lawrencebury, VI 53504",(907)662-6057
333,Claire Adams,44,"03490 Lopez Union Apt. 026
East Johnbury, CA 77708",+1-966-906-3222x515
334,Sandra Mason,143,"955 Kelly Crest
Port Wesley, CO 32898",001-898-867-8077
335,Kim Welch,20,"081 Susan Creek Apt. 974
Andrewsfurt, LA 45848",001-265-916-5015x7278
336,Scott Collins,199,"9046 Morris Square Apt. 062
South Lori, IL 80572",(860)230-3644x9824
337,Craig Welch,223,"090 Anderson Stravenue Suite 523
Anthonyview, RI 15863",7842622275
338,Joshua Caldwell,35,"45212 Erik Common
Port Laurenstad, AS 67577",525-863-1496
339,Michael Newton,194,"5956 Thomas Mountains
Michaelhaven, KY 68255",820-704-9318
340,Marie Brooks,5,"15897 Young Shoals
Figueroastad, MT 03949",200-439-2900
341,Jordan Randall,181,"4108 Rogers Lodge Suite 137
Hessstad, CO 94751",823-439-9106
342,Paul Lee,50,"0264 Carson Bridge
Hilltown, KS 80974",975-447-5360
343,Elizabeth Garcia,71,"670 Grant Rest Apt. 494
Bowenview, MO 09943",297-300-4868x50162
344,Bradley Reed,165,"16649 Tammy Point Apt. 887
Brianfort, MP 57952",307.739.7810
345,Krystal Pierce,18,"19616 Russo Lodge
North Autumnville, KS 39235",001-632-219-0564
346,Jermaine Baker,116,"97033 Marissa Valley Apt. 299
East Jamesburgh, NV 43407",(495)255-1801x95013
347,Brian Walker,10,"68317 Cynthia Gateway Suite 721
Katelynhaven, SD 52216",925-413-8788x7414
348,Barbara Williams,154,"0245 Dawn Rapids
Richardsonborough, HI 19142",219-860-9668
349,Joshua Vargas,125,"5257 Hernandez Mills Suite 065
Dylanmouth, ND 69454",2686407195
350,Ryan Williams,19,"52791 Scott Plaza Suite 493
South Stevenville, UT 26280",9935560650
351,Mark Calhoun,6,"69778 Palmer Viaduct
Lake Mallorymouth, IN 53541",001-773-590-7290x3720
352,Sandra Mckay,97,"25410 West Rest
South Wendyberg, NH 17526",(406)727-6865
353,Carrie Herring,56,"393 Andrea Center
West Kimberlyville, IL 49046",+1-945-395-3870
354,Susan Hurst,131,"7912 Morgan Flats Apt. 019
Terrimouth, AS 69913",+1-679-460-2276
355,William Kirk,80,"31418 Ryan Stream Apt. 922
Matthewport, IN 23368",001-496-743-6214x329
356,Crystal Villa,179,"61247 Sheila Manor Suite 193
Amandahaven, MO 54798",456.708.8597
357,Jennifer Howard,128,"48951 Emily Streets
South Thomas, KY 53463",(510)551-9999x07550
358,Miss Christina Branch,12,"377 Hill Terrace Suite 931
East Peterchester, KS 26488",491-465-5322
359,Candace Davis,77,"45483 Weaver Underpass
New Andre, MD 48456",598-822-4030x434
360,James Miller,77,"41403 Sandra Knoll
Greenmouth, NC 51702",870-289-7418x4323
361,Gregory Hoffman,49,"381 Richards Inlet
Reedport, MA 60105",807-525-9492x553
362,Chelsea Wilson,103,"USNS Acevedo
FPO AA 51838",+1-255-510-1681x55098
363,Molly Dunlap,160,"9928 Crystal Throughway Apt. 996
Debbieside, WY 09221",(957)647-4066x0936
364,Brianna Adams,99,"59293 Thomas Gardens
North Vernon, AR 03245",402.558.4995
365,Alexis Gonzalez,58,"85270 Bryant Plaza Suite 449
North Derrick, VT 05128",001-820-401-1808
366,Richard Whitehead,89,"2468 Hannah Junction
Rosshaven, RI 95785",(520)213-6329
367,Troy Jones,31,"Unit 1781 Box 9410
DPO AP 24029",239.587.1383x37826
368,Patty Gardner,65,"USNS Lucas
FPO AE 98724",704.266.7012x166
369,Courtney Osborne,179,"12097 William Ridge Suite 859
West Steven, NJ 30604",893.459.1506
370,Edwin Wolfe,152,"0807 Tami Corners Apt. 828
Marytown, SC 05650",886-303-7127x684
371,Christine White,129,"756 Andrea Creek Apt. 975
Millerland, OK 18684",+1-623-617-8294x45181
372,Kathleen Cook,67,"4142 Elizabeth Drive
South Brendaberg, IA 48347",(982)348-3796
373,Michael Snow,86,"PSC 3928, Box 4285
APO AA 92123",001-943-601-2850x328
374,Darlene Mcknight,219,"39173 Mitchell Loop Suite 717
Cisnerosstad, MT 49379",(348)257-5604
375,Natalie Conner,154,"12664 Diaz Corners
West Kathyton, DE 08143",(307)808-2934x62572
376,Lisa Reed,88,"61467 Palmer Way
Jamesside, NM 70418",201-632-6533x6578
377,Lauren Smith,29,"22257 Joseph Mall Apt. 972
Gallaghershire, WY 30130",+1-486-600-9114x1860
378,Sean Baker,159,"PSC 4947, Box 9518
APO AE 05159",(553)386-7518x19521
379,Pamela Campbell,72,"605 Chelsea Centers Suite 737
Lake Jennifer, CA 16932",(224)265-1885x9930
380,Melissa Marquez,62,"43381 Martinez Place
North Amber, WV 38459",453-951-1886x5292
381,Andrew George,119,"765 Nancy Loop
Sarahton, MO 31955",391.887.4449
382,Jose Wallace,89,"9243 David Key
Jamesmouth, OK 43579",+1-325-549-3760
383,David Lloyd,23,"10826 Hamilton Prairie
Moralesfort, RI 26820",945-861-9215x6257
384,Julie Spencer,184,"0375 Omar Inlet Suite 014
Watsonmouth, OR 67713",9989777500
385,Mr. Richard Watkins,192,"8313 Ryan Street
Melissashire, AL 30620",954-871-0000
386,Garrett Young,185,"746 Julia Villages Apt. 175
South Kennethport, AS 61542",721.396.3211
387,Sandra Reed,70,"1170 Smith Walk Suite 359
Smithport, CO 21934",2529390297
388,Blake Murphy,106,"60150 Foster Plaza
Fernandeztown, MA 08088",(911)609-0345x04960
389,Chloe Hughes,53,"99024 Brian Villages Apt. 027
Lake Stephanieborough, AL 35249",(516)515-8755x115
390,Amber Long,136,"828 Hamilton Brook Suite 682
Andrewfort, TN 40656",414-586-1299
391,Samuel Ford,62,"9755 Jones Stream Apt. 407
Michaelberg, MD 83762",001-537-766-6016
392,Steve Gray,51,"0384 Moore Crescent Apt. 800
Samanthaberg, SD 03186",929.539.7032
393,Kent Daugherty,25,"6621 Ann Oval Suite 866
Davidport, DC 34157",706.364.2382x576
394,Aaron Donaldson,225,"3759 Rojas Roads
Tapiamouth, KY 27485",(932)879-3350x425
395,Sarah Spence,116,"0800 Bauer Haven Suite 399
West John, WA 62625",655.723.8649x380
396,Janet Clark,171,"334 Anderson Lodge Suite 021
West Jessicaborough, CA 57439",753-226-5164x84693
397,Chad Morton,192,"00962 David Gardens Apt. 971
Joport, AZ 53428",001-414-622-8210x6321
398,Daniel Harris,48,"7771 Willie Hill Suite 651
South Marissaton, PA 19868",001-344-811-5033x5070
399,Regina Taylor,21,"3340 Laura Plain Suite 116
Bankstown, TX 60541",349.584.5789
400,Timothy Lewis,59,"244 Paul Path Suite 022
Welchside, NV 29917",+1-938-506-7465
401,Mr. John Wood MD,219,"111 Tyler Shore
East Richard, LA 76429",(605)908-2537
402,Sierra Carroll,148,"4997 Caleb Glen
Jenniferview, GU 32527",2746496057
403,Michael Steele,98,"5191 Jones Ferry
New Jose, WV 90331",(342)885-7575
404,Ellen Rasmussen,152,"05922 Frazier Summit Apt. 978
Angelbury, VA 90069",299.305.0698x11938
405,Stanley White,71,"918 Anna Hills
Scottside, AK 19007",657.746.0090x748
406,Amanda Moore,131,"6929 James Junctions Apt. 188
Rodgersmouth, WI 57313",8297162259
407,Jessica Kent,5,"60559 Andrew Ridges
Scottville, CT 39392",(420)687-7951x888
408,Reginald Mcconnell,155,"9274 Rich Path Suite 567
East Andrew, AR 29766",+1-537-576-7874x1744
409,Gregory Johnson,178,"1177 Leah Tunnel
New Taraport, AK 45708",001-736-563-8786x421
410,James Garcia,152,"38030 Carpenter Parks Apt. 753
Rodriguezburgh, PW 24732",(945)376-3750
411,Brian Rodriguez,102,"6218 Prince Plaza
New Samanthaville, MD 05181",+1-338-884-3118
412,Erica Lee,179,"93730 Anderson Creek Suite 878
Bakertown, HI 97565",+1-661-522-7592x57262
413,Isaiah Wolf,105,"2563 Mark Stravenue Apt. 474
West Breanna, MT 87832",001-293-818-2678
414,Tracie Meza,118,"USS Frazier
FPO AE 99496",615.288.8016x52300
415,Melissa Scott,41,"Unit 2530 Box 5660
DPO AA 68946",213.893.9485
416,Chelsea Silva,153,"USNV Adams
FPO AA 72509",+1-396-750-5301x3513
417,Jeffrey Horton,199,"2819 Martinez Plaza
North James, MH 86313",7139880565
418,Erin Acosta,198,"77371 Lindsay Causeway
Anthonystad, AK 82883",938.842.3449x334
419,David Chang,94,"58046 Dakota Course Apt. 031
Port Joan, PA 93785",(551)544-3612x44262
420,Raven Lopez,16,"99808 Love Crescent
Lake William, IL 66173",001-458-607-6055x1919
421,Laura Gonzalez,102,"5165 Rivera Island Apt. 450
West Leroyside, DC 13237",889-453-0823
422,Melissa Jones,80,"050 Cody Estate Apt. 257
Mcmillanmouth, OK 07295",303.382.8555
423,Anna Andrews,124,"306 Tyler Trail Suite 946
Frankport, WA 89025",001-724-864-4661
424,Rebekah Phillips,147,"USNV Williams
FPO AE 29765",001-825-607-4472x077
425,David Brown,131,"0175 Darren Well Suite 814
Tiffanyberg, MT 20345",+1-761-820-8784
426,Edwin Webb,104,"35354 Carpenter Forest
Brandybury, MI 06783",+1-701-778-4017x63533
427,Sergio Carter,111,"60771 West Mount Apt. 885
Lake Oliviaport, CA 92708",+1-874-813-9775x7995
428,Rhonda Randall,189,"249 Crystal Divide Apt. 121
Morganmouth, MT 57066",247.646.3988
429,Tammy Castaneda,89,"811 Hunt Pines
Parsonsbury, GU 72159",(968)951-4224
430,Mark Scott,28,"768 Berry Terrace Suite 473
Calebberg, CT 55778",3486093810
431,Jeffrey Miller,222,"79719 Amy Mews Suite 093
Kanehaven, FM 71176",(713)881-1728
432,Jaime Mitchell,181,"7296 Sarah Harbors Apt. 880
Birdchester, MH 41489",2055425095
433,Tami Powell,180,"4480 Clark Fall
Port Laurie, ID 21459",(559)470-7928x9176
434,Vanessa Walter,131,"554 Larry Curve
New Harrystad, MD 75781",922-575-1863
435,Kathleen Allen,128,"8257 Robinson Prairie
Theresahaven, MO 60640",(321)802-9241x863
436,Robert Martin,194,"763 Nicholas Crescent Apt. 283
Shannonfurt, ID 00975",001-306-468-1660x72548
437,Ruben Larsen,75,"6609 Foley Spring
Dickersonstad, ME 20078",321.559.5862x26301
438,Allison Williams,4,"228 Wyatt Light
Gonzalezstad, WI 79330",(218)682-7536x8802
439,Amanda Lawson,7,"6539 Elizabeth Street Apt. 421
Gatestown, IL 88923",919.226.4883x0721
440,Brittany Bradley,27,"21291 Reid Vista Suite 868
North Rebeccaland, NJ 49661",001-628-812-3861x3826
441,John Hernandez,47,"119 Cruz Trafficway
Markmouth, VA 23521",001-643-801-7435x3956
442,Jennifer Johnson,96,"35177 Nicole Point
Russellton, DC 11295",+1-315-936-5197
443,Linda Vega,72,"9615 Anne Drive Suite 516
New Gabrielland, UT 53415",(977)266-9804x25398
444,Stephanie Newman,22,"9522 Baker Turnpike Suite 416
Leonstad, TX 59334",(532)928-9094x745
445,Jodi Spencer,20,"90096 Nathan Well
Atkinsonshire, MP 58749",+1-717-898-4197
446,Lauren Clark,143,"647 Sean Underpass Suite 246
Vanessatown, DC 63990",237.534.4225x1113
447,Robert Gonzales,114,"3749 Colleen Wall Apt. 676
Port Patricia, ND 66467",+1-350-297-8311
448,Elizabeth Gonzalez,96,"Unit 7896 Box 7358
DPO AP 92785",498.933.1238x0323
449,Susan Ward,215,"Unit 4103 Box 2348
DPO AE 51246",001-290-267-9742
450,Matthew Daniel,204,"874 Jason Manor
South Julianfurt, MI 73868",(367)835-6955x325
451,Steven Johnson,187,"608 Stafford Stream
Port Gregport, OH 12200",(686)445-2335x28063
452,Marcus Mcguire,211,"PSC 9236, Box 0377
APO AP 23475",+1-548-523-5974x986
453,Tyler Adams,166,"917 Dean Branch
New Deborahmouth, GA 92838",421.907.3728
454,Misty Mason,139,"Unit 7047 Box 9622
DPO AE 62223",+1-345-638-6394x19173
455,Lori Mcguire,103,"0401 Neal Center Suite 206
Lake Michael, UT 11071",+1-509-431-3679
456,Dr. Nicholas Lewis,41,"716 Raymond Forest
Lake Rhondaborough, VT 31601",+1-839-703-2685x03279
457,Samuel Sandoval,223,"2415 Wallace Square
New Robertstad, ND 41949",466-235-3522x11040
458,Bradley Allen,202,"691 Payne Squares
South Codyberg, SC 80764",378.378.6057
459,Charles Moody,36,"55816 Atkins Ville
North Hollyfurt, MP 96193",(339)653-9193x356
460,Tom White,208,"9560 James Mews Suite 746
Ericshire, MA 87235",3478131667
461,Jessica Gonzalez,82,"242 Michelle Cape
Hollandburgh, NM 56525",+1-946-900-3484x719
462,Angela Murray,55,"6327 Tanner Pass Suite 265
Austinhaven, NY 13840",+1-252-447-9902x2905
463,John Dickerson,68,"047 Amber Harbors
Port Ericachester, KY 87172",+1-974-400-2595x337
464,Megan Watson,214,"683 Lee Manors Suite 911
Lake Josefort, TN 22036",001-496-287-3894x174
465,Larry Johnson,8,"35642 Michele Villages Apt. 577
Harrytown, FM 35321",387.264.1788x4865
466,Jennifer Alvarez DDS,160,"31938 Sarah Cliffs
South Michellemouth, FL 85575",511-399-5734x660
467,Travis Brown,199,"5190 Hamilton Islands Suite 947
Lake Taylor, WA 73323",926.528.6412x5372
468,Erin Palmer,91,"9440 Roberts Vista
South Emily, NM 26309",(371)325-8477
469,Steven Harrison,162,"USCGC Maxwell
FPO AE 98532",395-779-0253x5075
470,Glenn Hansen,224,"3453 Miller Valleys
Lake Sarah, CT 86361",3573105846
471,Cheryl Ramirez,1,"39757 Jeremy Ford Apt. 813
Shepherdland, NJ 10777",+1-225-849-9556x9310
472,Joshua Wolfe,210,"041 Laura Squares
Karlbury, MP 48168",(880)461-9975x7391
473,Alexander Escobar,42,"272 Moore Lodge
Kelseyburgh, NE 41845",001-267-286-0632
474,Tim Hicks,158,"42831 Peggy Summit Apt. 150
Terrimouth, VA 00501",(564)880-9345
475,Dr. Martha Scott MD,132,"9563 Hawkins Tunnel Apt. 556
Lake Miguelmouth, PR 54816",625-863-6677
476,Megan Farrell,86,"9691 Melanie Ridge Apt. 682
South Robert, TX 01063",576-879-3263
477,Anthony Tran,100,"323 Newton Haven
Feliciaberg, MH 37219",+1-671-904-4923x06228
478,Jaime Cox,2,"026 Owen Junctions
Clarkeville, SD 73320",+1-866-546-4268x531
479,Tara Harris,94,"1317 Betty Pass
Frankside, MO 02674",983-548-3664
480,Nathan Martin,19,"85556 Amanda Corner Suite 005
Fernandezside, AZ 09158",577-497-5520x30074
481,James Clarke,103,"6192 Raven Mission
West James, CO 57688",(920)931-0846x438
482,Paul Decker,43,"76021 Jill Harbors Suite 816
Robertburgh, MO 81690",876.612.9910x573
483,Christopher Anderson,167,"285 Alicia Ridge Apt. 460
Browntown, CA 70199",001-868-610-8872x4063
484,Anthony Oneal,79,"136 Martinez Road Suite 817
Port Pam, MI 97828",001-631-787-9099
485,Rodney Howard,141,"429 Parker Ramp
Kimberlyhaven, RI 68880",001-618-686-0697x98935
486,Michael Griffin,156,"831 Rebecca Cove
Lauraland, MD 49995",436.976.6008
487,Theresa Simmons,55,"0952 Ayala Lane Apt. 653
Racheltown, CT 42048",285.970.8367
488,Laura Golden,76,"4611 Powell Road
Lake Markbury, NC 25097",001-782-215-5369x056
489,Jennifer Diaz,43,"Unit 0529 Box 7011
DPO AP 05495",692.694.1917x32765
490,Rebecca Crawford,122,"38037 Christopher Trail Suite 900
Matthewhaven, WY 53383",001-980-389-1330x367
491,Bonnie Washington,197,"166 Andrew Run Apt. 425
Vargasport, MT 06320",+1-409-439-5756x338
492,John Stone,199,"48477 Ray Branch Suite 289
North Cody, MS 58729",001-279-906-3128x9179
493,Dr. Jennifer Miller,150,"33338 Gould Hollow
Kaitlynchester, AL 92891",603-731-8018x7226
494,Erin Bradford,78,"650 Kirk Viaduct
Port Johnfort, AK 17791",556-925-0649
495,Gary Hayes,155,"60186 David Prairie Apt. 157
Ashleymouth, SD 47177",211-600-6540
496,Joshua Lambert,66,"150 Johnson Vista
East Linda, OR 76362",+1-373-979-6094x57032
497,Robert Brown,45,"632 Coffey Pine
Martinville, ME 08951",(808)869-4030x8953
498,Stephen Marsh DDS,139,"4541 Mclean Road Suite 202
North Stanley, MS 25824",+1-968-498-1474x9508
499,Melissa Johnson,136,"104 Nunez Crescent
Hamiltonbury, CO 07440",(799)444-7580x99135
500,Martha Lewis,186,"4238 Vanessa Loaf
North Sharon, DE 85684",+1-345-795-8150x495
